ab_glyph	0.2.32	Apache-2.0
ab_glyph_rasterizer	0.1.10	Apache-2.0
accesskit	0.22.0	MIT OR Apache-2.0
accesskit_atspi_common	0.15.0	MIT OR Apache-2.0
accesskit_consumer	0.32.0	MIT OR Apache-2.0
accesskit_macos	0.23.0	MIT OR Apache-2.0
accesskit_unix	0.18.0	MIT OR Apache-2.0
accesskit_windows	0.30.0	MIT OR Apache-2.0
accesskit_winit	0.30.0	Apache-2.0
adler2	2.0.1	0BSD OR MIT OR Apache-2.0
ahash	0.8.12	MIT OR Apache-2.0
aho-corasick	1.1.4	Unlicense OR MIT
aligned	0.4.3	MIT OR Apache-2.0
aligned-vec	0.6.4	MIT
allocator-api2	0.2.21	MIT OR Apache-2.0
android-activity	0.6.1	MIT OR Apache-2.0
android-properties	0.2.2	MIT
android_system_properties	0.1.5	MIT/Apache-2.0
annotate-snippets	0.12.16	MIT OR Apache-2.0
anstyle	1.0.14	MIT OR Apache-2.0
anyhow	1.0.102	MIT OR Apache-2.0
arbitrary	1.4.2	MIT OR Apache-2.0
arboard	3.6.1	MIT OR Apache-2.0
arg_enum_proc_macro	0.3.4	MIT
arrayref	0.3.9	BSD-2-Clause
arrayvec	0.7.6	MIT OR Apache-2.0
as-raw-xcb-connection	1.0.1	MIT OR Apache-2.0
as-slice	0.2.1	MIT OR Apache-2.0
async-broadcast	0.7.2	MIT OR Apache-2.0
async-channel	2.5.0	Apache-2.0 OR MIT
async-executor	1.14.0	Apache-2.0 OR MIT
async-io	2.6.0	Apache-2.0 OR MIT
async-lock	3.4.2	Apache-2.0 OR MIT
async-process	2.5.0	Apache-2.0 OR MIT
async-recursion	1.1.1	MIT OR Apache-2.0
async-signal	0.2.14	Apache-2.0 OR MIT
async-task	4.7.1	Apache-2.0 OR MIT
async-trait	0.1.89	MIT OR Apache-2.0
atomic-waker	1.1.2	Apache-2.0 OR MIT
atspi	0.29.0	Apache-2.0 OR MIT
atspi-common	0.13.0	Apache-2.0 OR MIT
atspi-proxies	0.13.0	Apache-2.0 OR MIT
auto_enums	0.8.8	Apache-2.0 OR MIT
autocfg	1.5.1	Apache-2.0 OR MIT
av-scenechange	0.14.1	MIT
av1-grain	0.2.5	BSD-2-Clause
avif-serialize	0.8.9	BSD-3-Clause
base64	0.22.1	MIT OR Apache-2.0
bincode	1.3.3	MIT
bindgen	0.72.1	BSD-3-Clause
bit-set	0.8.0	Apache-2.0 OR MIT
bit-vec	0.8.0	Apache-2.0 OR MIT
bit_field	0.10.3	Apache-2.0/MIT
bitflags	1.3.2	MIT/Apache-2.0
bitflags	2.12.1	MIT OR Apache-2.0
bitstream-io	4.10.0	MIT/Apache-2.0
block-buffer	0.10.4	MIT OR Apache-2.0
block2	0.5.1	MIT
block2	0.6.2	MIT
blocking	1.6.2	Apache-2.0 OR MIT
borsh	1.6.1	MIT OR Apache-2.0
built	0.8.1	MIT
bumpalo	3.20.3	MIT OR Apache-2.0
by_address	1.2.1	MIT OR Apache-2.0
bytemuck	1.25.0	Zlib OR Apache-2.0 OR MIT
bytemuck_derive	1.10.2	Zlib OR Apache-2.0 OR MIT
byteorder-lite	0.1.0	Unlicense OR MIT
bytes	1.11.1	MIT
calloop	0.13.0	MIT
calloop	0.14.4	MIT
calloop-wayland-source	0.3.0	MIT
calloop-wayland-source	0.4.1	MIT
cc	1.2.63	MIT OR Apache-2.0
cexpr	0.6.0	Apache-2.0/MIT
cfg-if	1.0.4	MIT OR Apache-2.0
cfg_aliases	0.2.1	MIT
cgl	0.3.2	MIT / Apache-2.0
chrono	0.4.44	MIT OR Apache-2.0
clang-sys	1.8.1	Apache-2.0
clipboard-win	5.4.1	BSL-1.0
clru	0.6.3	MIT
color_quant	1.1.0	MIT
combine	4.6.7	MIT
concurrent-queue	2.5.0	Apache-2.0 OR MIT
const-field-offset	0.2.0	MIT OR Apache-2.0
const-field-offset-macro	0.2.0	MIT OR Apache-2.0
convert_case	0.10.0	MIT
copypasta	0.10.2	MIT / Apache-2.0
core-foundation	0.10.1	MIT OR Apache-2.0
core-foundation	0.9.4	MIT OR Apache-2.0
core-foundation-sys	0.8.7	MIT OR Apache-2.0
core-graphics	0.23.2	MIT OR Apache-2.0
core-graphics-types	0.1.3	MIT OR Apache-2.0
core_maths	0.1.1	MIT
cosmic-text	0.14.2	MIT OR Apache-2.0
countme	3.0.1	MIT OR Apache-2.0
cpufeatures	0.2.17	MIT OR Apache-2.0
crc32fast	1.5.0	MIT OR Apache-2.0
critical-section	1.2.0	MIT OR Apache-2.0
crossbeam-channel	0.5.15	MIT OR Apache-2.0
crossbeam-deque	0.8.6	MIT OR Apache-2.0
crossbeam-epoch	0.9.18	MIT OR Apache-2.0
crossbeam-utils	0.8.21	MIT OR Apache-2.0
crunchy	0.2.4	MIT
crypto-common	0.1.7	MIT OR Apache-2.0
ctor	0.10.1	Apache-2.0 OR MIT
cursor-icon	1.2.0	MIT OR Apache-2.0 OR Zlib
data-url	0.3.2	MIT OR Apache-2.0
deranged	0.5.8	MIT OR Apache-2.0
derive_more	2.1.1	MIT
derive_more-impl	2.1.1	MIT
derive_utils	0.15.1	Apache-2.0 OR MIT
digest	0.10.7	MIT OR Apache-2.0
dirs	5.0.1	MIT OR Apache-2.0
dirs-sys	0.4.1	MIT OR Apache-2.0
dispatch	0.2.0	MIT
dispatch2	0.3.1	Zlib OR Apache-2.0 OR MIT
displaydoc	0.2.6	MIT OR Apache-2.0
dlib	0.5.3	MIT
downcast-rs	1.2.1	MIT/Apache-2.0
dpi	0.1.2	Apache-2.0 AND MIT
drm	0.14.1	MIT
drm-ffi	0.9.1	MIT
drm-fourcc	2.2.0	MIT
drm-sys	0.8.1	MIT
dtor	0.8.1	Apache-2.0 OR MIT
ecow	0.2.6	MIT OR Apache-2.0
either	1.16.0	MIT OR Apache-2.0
endi	1.1.1	MIT
enumflags2	0.7.12	MIT OR Apache-2.0
enumflags2_derive	0.7.12	MIT OR Apache-2.0
equator	0.4.2	MIT
equator-macro	0.4.2	MIT
equivalent	1.0.2	Apache-2.0 OR MIT
errno	0.3.14	MIT OR Apache-2.0
error-code	3.3.2	BSL-1.0
euclid	0.22.14	MIT OR Apache-2.0
event-listener	5.4.1	Apache-2.0 OR MIT
event-listener-strategy	0.5.4	Apache-2.0 OR MIT
exr	1.74.0	BSD-3-Clause
fallible-iterator	0.3.0	MIT/Apache-2.0
fallible-streaming-iterator	0.1.9	MIT/Apache-2.0
fancy-regex	0.16.2	MIT
fastrand	2.4.1	Apache-2.0 OR MIT
fax	0.2.7	MIT
fdeflate	0.3.7	MIT OR Apache-2.0
femtovg	0.23.2	MIT OR Apache-2.0
field-offset	0.3.6	MIT OR Apache-2.0
filetime	0.2.29	MIT/Apache-2.0
find-msvc-tools	0.1.9	MIT OR Apache-2.0
flate2	1.1.9	MIT OR Apache-2.0
float-cmp	0.9.0	MIT
fnv	1.0.7	Apache-2.0 / MIT
foldhash	0.1.5	Zlib
foldhash	0.2.0	Zlib
font-types	0.11.3	MIT OR Apache-2.0
fontconfig-parser	0.5.8	MIT
fontdb	0.16.2	MIT
fontdb	0.23.0	MIT
fontique	0.8.0	Apache-2.0 OR MIT
foreign-types	0.5.0	MIT/Apache-2.0
foreign-types-macros	0.2.3	MIT/Apache-2.0
foreign-types-shared	0.3.1	MIT/Apache-2.0
form_urlencoded	1.2.2	MIT OR Apache-2.0
fsevent-sys	4.1.0	MIT
futures	0.3.32	MIT OR Apache-2.0
futures-channel	0.3.32	MIT OR Apache-2.0
futures-core	0.3.32	MIT OR Apache-2.0
futures-executor	0.3.32	MIT OR Apache-2.0
futures-io	0.3.32	MIT OR Apache-2.0
futures-lite	2.6.1	Apache-2.0 OR MIT
futures-macro	0.3.32	MIT OR Apache-2.0
futures-sink	0.3.32	MIT OR Apache-2.0
futures-task	0.3.32	MIT OR Apache-2.0
futures-util	0.3.32	MIT OR Apache-2.0
gbm	0.18.0	MIT
gbm-sys	0.4.0	MIT
generic-array	0.14.7	MIT
gethostname	1.1.0	Apache-2.0
getopts	0.2.24	MIT OR Apache-2.0
getrandom	0.2.17	MIT OR Apache-2.0
getrandom	0.3.4	MIT OR Apache-2.0
getrandom	0.4.2	MIT OR Apache-2.0
gif	0.14.2	MIT OR Apache-2.0
gl_generator	0.14.0	Apache-2.0
glob	0.3.3	MIT OR Apache-2.0
glow	0.17.0	MIT OR Apache-2.0 OR Zlib
glutin	0.32.3	Apache-2.0
glutin-winit	0.5.0	MIT
glutin_egl_sys	0.7.1	Apache-2.0
glutin_glx_sys	0.6.1	Apache-2.0
glutin_wgl_sys	0.6.1	Apache-2.0
grid	1.0.1	MIT
half	2.7.1	MIT OR Apache-2.0
harfrust	0.5.2	MIT
hashbrown	0.14.5	MIT OR Apache-2.0
hashbrown	0.15.5	MIT OR Apache-2.0
hashbrown	0.16.1	MIT OR Apache-2.0
hashbrown	0.17.1	MIT OR Apache-2.0
hashlink	0.9.1	MIT OR Apache-2.0
heck	0.5.0	MIT OR Apache-2.0
hermit-abi	0.3.9	MIT OR Apache-2.0
hermit-abi	0.5.2	MIT OR Apache-2.0
hex	0.4.3	MIT OR Apache-2.0
htmlparser	0.2.1	MIT OR Apache-2.0
i-slint-backend-linuxkms	1.16.1	GPL-3.0-only OR LicenseRef-Slint-Royalty-free-2.0 OR LicenseRef-Slint-Software-3.0
i-slint-backend-selector	1.16.1	GPL-3.0-only OR LicenseRef-Slint-Royalty-free-2.0 OR LicenseRef-Slint-Software-3.0
i-slint-backend-testing	1.16.1	GPL-3.0-only OR LicenseRef-Slint-Royalty-free-2.0 OR LicenseRef-Slint-Software-3.0
i-slint-backend-winit	1.16.1	GPL-3.0-only OR LicenseRef-Slint-Royalty-free-2.0 OR LicenseRef-Slint-Software-3.0
i-slint-common	1.16.1	GPL-3.0-only OR LicenseRef-Slint-Royalty-free-2.0 OR LicenseRef-Slint-Software-3.0
i-slint-compiler	1.16.1	GPL-3.0-only OR LicenseRef-Slint-Royalty-free-2.0 OR LicenseRef-Slint-Software-3.0
i-slint-core	1.16.1	GPL-3.0-only OR LicenseRef-Slint-Royalty-free-2.0 OR LicenseRef-Slint-Software-3.0
i-slint-core-macros	1.16.1	GPL-3.0-only OR LicenseRef-Slint-Royalty-free-2.0 OR LicenseRef-Slint-Software-3.0
i-slint-renderer-femtovg	1.16.1	GPL-3.0-only OR LicenseRef-Slint-Royalty-free-2.0 OR LicenseRef-Slint-Software-3.0
i-slint-renderer-skia	1.16.1	GPL-3.0-only OR LicenseRef-Slint-Royalty-free-2.0 OR LicenseRef-Slint-Software-3.0
i-slint-renderer-software	1.16.1	GPL-3.0-only OR LicenseRef-Slint-Royalty-free-2.0 OR LicenseRef-Slint-Software-3.0
iana-time-zone	0.1.65	MIT OR Apache-2.0
iana-time-zone-haiku	0.1.2	MIT OR Apache-2.0
icu_collections	2.2.0	Unicode-3.0
icu_locale	2.2.0	Unicode-3.0
icu_locale_core	2.2.0	Unicode-3.0
icu_locale_data	2.2.0	Unicode-3.0
icu_normalizer	2.2.0	Unicode-3.0
icu_normalizer_data	2.2.0	Unicode-3.0
icu_properties	2.2.0	Unicode-3.0
icu_properties_data	2.2.0	Unicode-3.0
icu_provider	2.2.0	Unicode-3.0
icu_segmenter	2.2.0	Unicode-3.0
icu_segmenter_data	2.2.0	Unicode-3.0
id-arena	2.3.0	MIT/Apache-2.0
idna	1.1.0	MIT OR Apache-2.0
idna_adapter	1.2.2	Apache-2.0 OR MIT
image	0.25.10	MIT OR Apache-2.0
image-webp	0.2.4	MIT OR Apache-2.0
imagesize	0.14.0	MIT
imgref	1.12.1	CC0-1.0 OR Apache-2.0
indexmap	2.14.0	Apache-2.0 OR MIT
inotify	0.9.6	ISC
inotify-sys	0.1.5	ISC
input	0.9.1	MIT
input-sys	1.19.0	MIT
integer-sqrt	0.1.5	Apache-2.0/MIT
interpolate_name	0.2.4	MIT
io-lifetimes	1.0.11	Apache-2.0 WITH LLVM-exception OR Apache-2.0 OR MIT
is-docker	0.2.0	MIT
is-wsl	0.4.0	MIT
itertools	0.13.0	MIT OR Apache-2.0
itertools	0.14.0	MIT OR Apache-2.0
itoa	1.0.18	MIT OR Apache-2.0
jni	0.22.4	MIT OR Apache-2.0
jni-macros	0.22.4	MIT OR Apache-2.0
jni-sys	0.3.1	MIT OR Apache-2.0
jni-sys	0.4.1	MIT OR Apache-2.0
jni-sys-macros	0.4.1	MIT OR Apache-2.0
jobserver	0.1.34	MIT OR Apache-2.0
js-sys	0.3.99	MIT OR Apache-2.0
keyboard-types	0.7.0	MIT OR Apache-2.0
khronos_api	3.1.0	Apache-2.0
kqueue	1.2.0	MIT
kqueue-sys	1.1.2	MIT
kurbo	0.13.1	Apache-2.0 OR MIT
lazy_static	1.5.0	MIT OR Apache-2.0
leb128fmt	0.1.0	MIT OR Apache-2.0
lebe	0.5.3	BSD-3-Clause
libc	0.2.186	MIT OR Apache-2.0
libfuzzer-sys	0.4.12	(MIT OR Apache-2.0) AND NCSA
libloading	0.8.9	ISC
libm	0.2.16	MIT
libredox	0.1.17	MIT
libsqlite3-sys	0.30.1	MIT
libudev-sys	0.1.4	MIT
linebender_resource_handle	0.1.1	Apache-2.0 OR MIT
linked-hash-map	0.5.6	MIT/Apache-2.0
linked_hash_set	0.1.6	Apache-2.0
linux-raw-sys	0.12.1	Apache-2.0 WITH LLVM-exception OR Apache-2.0 OR MIT
linux-raw-sys	0.4.15	Apache-2.0 WITH LLVM-exception OR Apache-2.0 OR MIT
linux-raw-sys	0.9.4	Apache-2.0 WITH LLVM-exception OR Apache-2.0 OR MIT
litemap	0.8.2	Unicode-3.0
lock_api	0.4.14	MIT OR Apache-2.0
log	0.4.31	MIT OR Apache-2.0
loop9	0.1.5	MIT
lyon_algorithms	1.0.20	MIT OR Apache-2.0
lyon_extra	1.1.0	MIT OR Apache-2.0
lyon_geom	1.0.19	MIT OR Apache-2.0
lyon_path	1.0.19	MIT OR Apache-2.0
maybe-rayon	0.1.1	MIT
memchr	2.8.1	Unlicense OR MIT
memmap2	0.9.10	MIT OR Apache-2.0
memoffset	0.9.1	MIT
minimal-lexical	0.2.1	MIT/Apache-2.0
miniz_oxide	0.8.9	MIT OR Zlib OR Apache-2.0
mio	0.8.11	MIT
moxcms	0.8.1	BSD-3-Clause OR Apache-2.0
muda	0.18.0	Apache-2.0 OR MIT
natord	1.0.9	MIT
ndk	0.9.0	MIT OR Apache-2.0
ndk-context	0.1.1	MIT OR Apache-2.0
ndk-sys	0.6.0+11769913	MIT OR Apache-2.0
new_debug_unreachable	1.0.6	MIT
nix	0.30.1	MIT
no_std_io2	0.9.4	Apache-2.0 OR MIT
nom	7.1.3	MIT
nom	8.0.0	MIT
noop_proc_macro	0.3.0	MIT
notify	6.1.1	CC0-1.0
num-bigint	0.4.6	MIT OR Apache-2.0
num-conv	0.2.2	MIT OR Apache-2.0
num-derive	0.4.2	MIT OR Apache-2.0
num-integer	0.1.46	MIT OR Apache-2.0
num-rational	0.4.2	MIT OR Apache-2.0
num-traits	0.2.19	MIT OR Apache-2.0
num_enum	0.7.6	BSD-3-Clause OR MIT OR Apache-2.0
num_enum_derive	0.7.6	BSD-3-Clause OR MIT OR Apache-2.0
objc-sys	0.3.5	MIT
objc2	0.5.2	MIT
objc2	0.6.4	MIT
objc2-app-kit	0.2.2	MIT
objc2-app-kit	0.3.2	Zlib OR Apache-2.0 OR MIT
objc2-cloud-kit	0.2.2	MIT
objc2-cloud-kit	0.3.2	Zlib OR Apache-2.0 OR MIT
objc2-contacts	0.2.2	MIT
objc2-core-data	0.2.2	MIT
objc2-core-data	0.3.2	Zlib OR Apache-2.0 OR MIT
objc2-core-foundation	0.3.2	Zlib OR Apache-2.0 OR MIT
objc2-core-graphics	0.3.2	Zlib OR Apache-2.0 OR MIT
objc2-core-image	0.2.2	MIT
objc2-core-image	0.3.2	Zlib OR Apache-2.0 OR MIT
objc2-core-location	0.2.2	MIT
objc2-core-text	0.3.2	Zlib OR Apache-2.0 OR MIT
objc2-core-video	0.3.2	Zlib OR Apache-2.0 OR MIT
objc2-encode	4.1.0	MIT
objc2-foundation	0.2.2	MIT
objc2-foundation	0.3.2	MIT
objc2-io-surface	0.3.2	Zlib OR Apache-2.0 OR MIT
objc2-link-presentation	0.2.2	MIT
objc2-metal	0.2.2	MIT
objc2-metal	0.3.2	Zlib OR Apache-2.0 OR MIT
objc2-quartz-core	0.2.2	MIT
objc2-quartz-core	0.3.2	Zlib OR Apache-2.0 OR MIT
objc2-symbols	0.2.2	MIT
objc2-ui-kit	0.2.2	MIT
objc2-ui-kit	0.3.2	Zlib OR Apache-2.0 OR MIT
objc2-uniform-type-identifiers	0.2.2	MIT
objc2-user-notifications	0.2.2	MIT
once_cell	1.21.4	MIT OR Apache-2.0
open	5.3.5	MIT
option-ext	0.2.0	MPL-2.0
orbclient	0.3.55	MIT
ordered-stream	0.2.0	MIT OR Apache-2.0
owned_ttf_parser	0.25.1	Apache-2.0
parking	2.2.1	Apache-2.0 OR MIT
parking_lot	0.12.5	MIT OR Apache-2.0
parking_lot_core	0.9.12	MIT OR Apache-2.0
parlance	0.1.0	Apache-2.0 OR MIT
parley	0.8.0	Apache-2.0 OR MIT
parley_data	0.8.0	Apache-2.0 OR MIT
paste	1.0.15	MIT OR Apache-2.0
pastey	0.1.1	MIT OR Apache-2.0
pathdiff	0.2.3	MIT/Apache-2.0
percent-encoding	2.3.2	MIT OR Apache-2.0
pico-args	0.5.0	MIT
pin-project	1.1.13	Apache-2.0 OR MIT
pin-project-internal	1.1.13	Apache-2.0 OR MIT
pin-project-lite	0.2.17	Apache-2.0 OR MIT
pin-utils	0.1.0	MIT OR Apache-2.0
pin-weak	1.1.0	MIT
piper	0.2.5	MIT OR Apache-2.0
pkg-config	0.3.33	MIT OR Apache-2.0
plain	0.2.3	MIT/Apache-2.0
plist	1.9.0	MIT
png	0.17.16	MIT OR Apache-2.0
png	0.18.1	MIT OR Apache-2.0
polling	3.11.0	Apache-2.0 OR MIT
polycool	0.4.0	MIT OR Apache-2.0
portable-atomic	1.13.1	Apache-2.0 OR MIT
potential_utf	0.1.5	Unicode-3.0
powerfmt	0.2.0	MIT OR Apache-2.0
ppv-lite86	0.2.21	MIT OR Apache-2.0
prettyplease	0.2.37	MIT OR Apache-2.0
proc-macro-crate	3.5.0	MIT OR Apache-2.0
proc-macro2	1.0.106	MIT OR Apache-2.0
profiling	1.0.18	MIT OR Apache-2.0
profiling-procmacros	1.0.18	MIT OR Apache-2.0
pulldown-cmark	0.13.4	MIT
pulldown-cmark-escape	0.11.0	MIT
pxfm	0.1.29	BSD-3-Clause OR Apache-2.0
qoi	0.4.1	MIT/Apache-2.0
quick-error	2.0.1	MIT/Apache-2.0
quick-xml	0.39.4	MIT
quote	1.0.45	MIT OR Apache-2.0
r-efi	5.3.0	MIT OR Apache-2.0 OR LGPL-2.1-or-later
r-efi	6.0.0	MIT OR Apache-2.0 OR LGPL-2.1-or-later
rand	0.9.4	MIT OR Apache-2.0
rand_chacha	0.9.0	MIT OR Apache-2.0
rand_core	0.9.5	MIT OR Apache-2.0
rangemap	1.7.1	MIT/Apache-2.0
rav1e	0.8.1	BSD-2-Clause
ravif	0.13.0	BSD-3-Clause
raw-window-handle	0.6.2	MIT OR Apache-2.0 OR Zlib
raw-window-metal	1.1.0	MIT OR Apache-2.0
rayon	1.12.0	MIT OR Apache-2.0
rayon-core	1.13.0	MIT OR Apache-2.0
read-fonts	0.37.0	MIT OR Apache-2.0
redox_syscall	0.4.1	MIT
redox_syscall	0.5.18	MIT
redox_syscall	0.8.1	MIT
redox_users	0.4.6	MIT
regex	1.12.3	MIT OR Apache-2.0
regex-automata	0.4.14	MIT OR Apache-2.0
regex-syntax	0.8.10	MIT OR Apache-2.0
resvg	0.47.0	Apache-2.0 OR MIT
rgb	0.8.53	MIT
ring	0.17.14	Apache-2.0 AND ISC
ropey	1.6.1	MIT
rowan	0.16.1	MIT OR Apache-2.0
roxmltree	0.20.0	MIT OR Apache-2.0
roxmltree	0.21.1	MIT OR Apache-2.0
rspolib	0.1.2	MIT
rusqlite	0.32.1	MIT
rustc-hash	1.1.0	Apache-2.0/MIT
rustc-hash	2.1.2	Apache-2.0 OR MIT
rustc_version	0.4.1	MIT OR Apache-2.0
rustix	0.38.44	Apache-2.0 WITH LLVM-exception OR Apache-2.0 OR MIT
rustix	1.1.4	Apache-2.0 WITH LLVM-exception OR Apache-2.0 OR MIT
rustls	0.23.40	Apache-2.0 OR ISC OR MIT
rustls-pki-types	1.14.1	MIT OR Apache-2.0
rustls-webpki	0.103.13	ISC
rustversion	1.0.22	MIT OR Apache-2.0
rustybuzz	0.14.1	MIT
rustybuzz	0.20.1	MIT
ryu	1.0.23	Apache-2.0 OR BSL-1.0
same-file	1.0.6	Unlicense/MIT
scoped-tls	1.0.1	MIT/Apache-2.0
scoped-tls-hkt	0.1.5	MIT/Apache-2.0
scopeguard	1.2.0	MIT OR Apache-2.0
sctk-adwaita	0.10.1	MIT
self_cell	1.2.2	Apache-2.0 OR GPL-2.0-only
semver	1.0.28	MIT OR Apache-2.0
serde	1.0.228	MIT OR Apache-2.0
serde_core	1.0.228	MIT OR Apache-2.0
serde_derive	1.0.228	MIT OR Apache-2.0
serde_json	1.0.150	MIT OR Apache-2.0
serde_repr	0.1.20	MIT OR Apache-2.0
serde_spanned	0.6.9	MIT OR Apache-2.0
serde_spanned	1.1.1	MIT OR Apache-2.0
serde_yaml	0.9.34+deprecated	MIT OR Apache-2.0
sha2	0.10.9	MIT OR Apache-2.0
shlex	1.3.0	MIT OR Apache-2.0
shlex	2.0.1	MIT OR Apache-2.0
signal-hook-registry	1.4.8	MIT OR Apache-2.0
simd-adler32	0.3.9	MIT
simd_cesu8	1.1.1	Apache-2.0 OR MIT
simd_helpers	0.1.0	MIT
simdutf8	0.1.5	MIT OR Apache-2.0
simplecss	0.2.2	Apache-2.0 OR MIT
siphasher	1.0.3	MIT/Apache-2.0
skia-bindings	0.90.0	MIT
skia-safe	0.90.0	MIT
skrifa	0.40.0	MIT OR Apache-2.0
slab	0.4.12	MIT
slint	1.16.1	GPL-3.0-only OR LicenseRef-Slint-Royalty-free-2.0 OR LicenseRef-Slint-Software-3.0
slint-build	1.16.1	GPL-3.0-only OR LicenseRef-Slint-Royalty-free-2.0 OR LicenseRef-Slint-Software-3.0
slint-macros	1.16.1	GPL-3.0-only OR LicenseRef-Slint-Royalty-free-2.0 OR LicenseRef-Slint-Software-3.0
slotmap	1.1.1	Zlib
smallvec	1.15.1	MIT OR Apache-2.0
smithay-client-toolkit	0.19.2	MIT
smithay-client-toolkit	0.20.0	MIT
smithay-clipboard	0.7.3	MIT
smol_str	0.2.2	MIT OR Apache-2.0
smol_str	0.3.6	MIT OR Apache-2.0
snafu	0.8.9	MIT OR Apache-2.0
snafu-derive	0.8.9	MIT OR Apache-2.0
softbuffer	0.4.8	MIT OR Apache-2.0
spellbook	0.4.2	MPL-2.0
spin_on	0.1.1	Apache-2.0 OR MIT
sred-core	0.6.0	GPL-3.0-only
stable_deref_trait	1.2.1	MIT OR Apache-2.0
static_assertions	1.1.0	MIT OR Apache-2.0
str_indices	0.4.4	MIT OR Apache-2.0
strict-num	0.1.1	MIT
strum	0.28.0	MIT
strum_macros	0.28.0	MIT
subtle	2.6.1	BSD-3-Clause
svgtypes	0.16.1	Apache-2.0 OR MIT
swash	0.2.7	Apache-2.0 OR MIT
syn	2.0.117	MIT OR Apache-2.0
synstructure	0.13.2	MIT
syntect	5.3.0	MIT
sys-locale	0.3.2	MIT OR Apache-2.0
taffy	0.9.2	MIT
tar	0.4.46	MIT OR Apache-2.0
tempfile	3.27.0	MIT OR Apache-2.0
text-size	1.1.1	MIT OR Apache-2.0
thin-vec	0.2.18	MIT OR Apache-2.0
thiserror	1.0.69	MIT OR Apache-2.0
thiserror	2.0.18	MIT OR Apache-2.0
thiserror-impl	1.0.69	MIT OR Apache-2.0
thiserror-impl	2.0.18	MIT OR Apache-2.0
tiff	0.11.3	MIT
time	0.3.47	MIT OR Apache-2.0
time-core	0.1.8	MIT OR Apache-2.0
time-macros	0.2.27	MIT OR Apache-2.0
tiny-skia	0.11.4	BSD-3-Clause
tiny-skia	0.12.0	BSD-3-Clause
tiny-skia-path	0.11.4	BSD-3-Clause
tiny-skia-path	0.12.0	BSD-3-Clause
tiny-xlib	0.2.5	MIT OR Apache-2.0 OR Zlib
tinystr	0.8.3	Unicode-3.0
tinyvec	1.11.0	Zlib OR Apache-2.0 OR MIT
tinyvec_macros	0.1.1	MIT OR Apache-2.0 OR Zlib
toml	0.8.23	MIT OR Apache-2.0
toml	0.9.12+spec-1.1.0	MIT OR Apache-2.0
toml_datetime	0.6.11	MIT OR Apache-2.0
toml_datetime	0.7.5+spec-1.1.0	MIT OR Apache-2.0
toml_datetime	1.1.1+spec-1.1.0	MIT OR Apache-2.0
toml_edit	0.22.27	MIT OR Apache-2.0
toml_edit	0.25.12+spec-1.1.0	MIT OR Apache-2.0
toml_parser	1.1.2+spec-1.1.0	MIT OR Apache-2.0
toml_write	0.1.2	MIT OR Apache-2.0
toml_writer	1.1.1+spec-1.1.0	MIT OR Apache-2.0
tracing	0.1.44	MIT
tracing-attributes	0.1.31	MIT
tracing-core	0.1.36	MIT
ttf-parser	0.20.0	MIT OR Apache-2.0
ttf-parser	0.21.1	MIT OR Apache-2.0
ttf-parser	0.25.1	MIT OR Apache-2.0
typed-index-collections	3.2.0	MIT OR Apache-2.0
typenum	1.20.1	MIT OR Apache-2.0
typst-syntax	0.14.2	Apache-2.0
typst-timing	0.14.2	Apache-2.0
typst-utils	0.14.2	Apache-2.0
udev	0.9.3	MIT
uds_windows	1.2.1	MIT
ulid	1.2.1	MIT
unicase	2.9.0	MIT OR Apache-2.0
unicode-bidi	0.3.18	MIT OR Apache-2.0
unicode-bidi-mirroring	0.2.0	MIT/Apache-2.0
unicode-bidi-mirroring	0.4.0	MIT/Apache-2.0
unicode-ccc	0.2.0	MIT/Apache-2.0
unicode-ccc	0.4.0	MIT/Apache-2.0
unicode-ident	1.0.24	(MIT OR Apache-2.0) AND Unicode-3.0
unicode-linebreak	0.1.5	Apache-2.0
unicode-math-class	0.1.0	MIT OR Apache-2.0
unicode-properties	0.1.4	MIT/Apache-2.0
unicode-script	0.5.8	MIT OR Apache-2.0
unicode-segmentation	1.13.3	MIT OR Apache-2.0
unicode-vo	0.1.0	MIT/Apache-2.0
unicode-width	0.2.2	MIT OR Apache-2.0
unicode-xid	0.2.6	MIT OR Apache-2.0
unsafe-libyaml	0.2.11	MIT
unscanny	0.1.0	MIT OR Apache-2.0
untrusted	0.9.0	ISC
ureq	2.12.1	MIT OR Apache-2.0
url	2.5.8	MIT OR Apache-2.0
usvg	0.47.0	Apache-2.0 OR MIT
utf8_iter	1.0.4	Apache-2.0 OR MIT
uuid	1.23.2	Apache-2.0 OR MIT
v_frame	0.3.9	BSD-2-Clause
vcpkg	0.2.15	MIT/Apache-2.0
version_check	0.9.5	MIT/Apache-2.0
vtable	0.4.0	MIT OR Apache-2.0
vtable-macro	0.4.0	MIT OR Apache-2.0
walkdir	2.5.0	Unlicense/MIT
wasi	0.11.1+wasi-snapshot-preview1	Apache-2.0 WITH LLVM-exception OR Apache-2.0 OR MIT
wasip2	1.0.3+wasi-0.2.9	Apache-2.0 WITH LLVM-exception OR Apache-2.0 OR MIT
wasip3	0.4.0+wasi-0.3.0-rc-2026-01-06	Apache-2.0 WITH LLVM-exception OR Apache-2.0 OR MIT
wasm-bindgen	0.2.122	MIT OR Apache-2.0
wasm-bindgen-futures	0.4.72	MIT OR Apache-2.0
wasm-bindgen-macro	0.2.122	MIT OR Apache-2.0
wasm-bindgen-macro-support	0.2.122	MIT OR Apache-2.0
wasm-bindgen-shared	0.2.122	MIT OR Apache-2.0
wasm-encoder	0.244.0	Apache-2.0 WITH LLVM-exception OR Apache-2.0 OR MIT
wasm-metadata	0.244.0	Apache-2.0 WITH LLVM-exception OR Apache-2.0 OR MIT
wasmparser	0.244.0	Apache-2.0 WITH LLVM-exception OR Apache-2.0 OR MIT
wayland-backend	0.3.15	MIT
wayland-client	0.31.14	MIT
wayland-csd-frame	0.3.0	MIT
wayland-cursor	0.31.14	MIT
wayland-protocols	0.32.12	MIT
wayland-protocols-experimental	20250721.0.1	MIT
wayland-protocols-misc	0.3.12	MIT
wayland-protocols-plasma	0.3.12	MIT
wayland-protocols-wlr	0.3.12	MIT
wayland-scanner	0.31.10	MIT
wayland-sys	0.31.11	MIT
web-sys	0.3.99	MIT OR Apache-2.0
web-time	1.1.0	MIT OR Apache-2.0
webbrowser	1.2.1	MIT OR Apache-2.0
webpki-roots	0.26.11	CDLA-Permissive-2.0
webpki-roots	1.0.7	CDLA-Permissive-2.0
weezl	0.1.12	MIT OR Apache-2.0
winapi-util	0.1.11	Unlicense OR MIT
windows	0.61.3	MIT OR Apache-2.0
windows	0.62.2	MIT OR Apache-2.0
windows-collections	0.2.0	MIT OR Apache-2.0
windows-collections	0.3.2	MIT OR Apache-2.0
windows-core	0.61.2	MIT OR Apache-2.0
windows-core	0.62.2	MIT OR Apache-2.0
windows-future	0.2.1	MIT OR Apache-2.0
windows-future	0.3.2	MIT OR Apache-2.0
windows-implement	0.60.2	MIT OR Apache-2.0
windows-interface	0.59.3	MIT OR Apache-2.0
windows-link	0.1.3	MIT OR Apache-2.0
windows-link	0.2.1	MIT OR Apache-2.0
windows-numerics	0.2.0	MIT OR Apache-2.0
windows-numerics	0.3.1	MIT OR Apache-2.0
windows-result	0.3.4	MIT OR Apache-2.0
windows-result	0.4.1	MIT OR Apache-2.0
windows-strings	0.4.2	MIT OR Apache-2.0
windows-strings	0.5.1	MIT OR Apache-2.0
windows-sys	0.48.0	MIT OR Apache-2.0
windows-sys	0.52.0	MIT OR Apache-2.0
windows-sys	0.59.0	MIT OR Apache-2.0
windows-sys	0.60.2	MIT OR Apache-2.0
windows-sys	0.61.2	MIT OR Apache-2.0
windows-targets	0.48.5	MIT OR Apache-2.0
windows-targets	0.52.6	MIT OR Apache-2.0
windows-targets	0.53.5	MIT OR Apache-2.0
windows-threading	0.1.0	MIT OR Apache-2.0
windows-threading	0.2.1	MIT OR Apache-2.0
windows_aarch64_gnullvm	0.48.5	MIT OR Apache-2.0
windows_aarch64_gnullvm	0.52.6	MIT OR Apache-2.0
windows_aarch64_gnullvm	0.53.1	MIT OR Apache-2.0
windows_aarch64_msvc	0.48.5	MIT OR Apache-2.0
windows_aarch64_msvc	0.52.6	MIT OR Apache-2.0
windows_aarch64_msvc	0.53.1	MIT OR Apache-2.0
windows_i686_gnu	0.48.5	MIT OR Apache-2.0
windows_i686_gnu	0.52.6	MIT OR Apache-2.0
windows_i686_gnu	0.53.1	MIT OR Apache-2.0
windows_i686_gnullvm	0.52.6	MIT OR Apache-2.0
windows_i686_gnullvm	0.53.1	MIT OR Apache-2.0
windows_i686_msvc	0.48.5	MIT OR Apache-2.0
windows_i686_msvc	0.52.6	MIT OR Apache-2.0
windows_i686_msvc	0.53.1	MIT OR Apache-2.0
windows_x86_64_gnu	0.48.5	MIT OR Apache-2.0
windows_x86_64_gnu	0.52.6	MIT OR Apache-2.0
windows_x86_64_gnu	0.53.1	MIT OR Apache-2.0
windows_x86_64_gnullvm	0.48.5	MIT OR Apache-2.0
windows_x86_64_gnullvm	0.52.6	MIT OR Apache-2.0
windows_x86_64_gnullvm	0.53.1	MIT OR Apache-2.0
windows_x86_64_msvc	0.48.5	MIT OR Apache-2.0
windows_x86_64_msvc	0.52.6	MIT OR Apache-2.0
windows_x86_64_msvc	0.53.1	MIT OR Apache-2.0
winit	0.30.13	Apache-2.0
winnow	0.7.15	MIT
winnow	1.0.3	MIT
wit-bindgen	0.51.0	Apache-2.0 WITH LLVM-exception OR Apache-2.0 OR MIT
wit-bindgen	0.57.1	Apache-2.0 WITH LLVM-exception OR Apache-2.0 OR MIT
wit-bindgen-core	0.51.0	Apache-2.0 WITH LLVM-exception OR Apache-2.0 OR MIT
wit-bindgen-rust	0.51.0	Apache-2.0 WITH LLVM-exception OR Apache-2.0 OR MIT
wit-bindgen-rust-macro	0.51.0	Apache-2.0 WITH LLVM-exception OR Apache-2.0 OR MIT
wit-component	0.244.0	Apache-2.0 WITH LLVM-exception OR Apache-2.0 OR MIT
wit-parser	0.244.0	Apache-2.0 WITH LLVM-exception OR Apache-2.0 OR MIT
write-fonts	0.45.0	MIT OR Apache-2.0
writeable	0.6.3	Unicode-3.0
x11-clipboard	0.9.3	MIT
x11-dl	2.21.0	MIT
x11rb	0.13.2	MIT OR Apache-2.0
x11rb-protocol	0.13.2	MIT OR Apache-2.0
xattr	1.6.1	MIT OR Apache-2.0
xcursor	0.3.10	MIT
xkbcommon	0.9.0	MIT
xkbcommon-dl	0.4.2	MIT
xkeysym	0.2.1	MIT OR Apache-2.0 OR Zlib
xml-rs	0.8.28	MIT
xmlwriter	0.1.0	MIT
y4m	0.8.0	MIT
yaml-rust	0.4.5	MIT/Apache-2.0
yazi	0.2.1	Apache-2.0 OR MIT
yeslogic-fontconfig-sys	6.0.1	MIT
yoke	0.8.2	Unicode-3.0
yoke-derive	0.8.2	Unicode-3.0
zbus	5.16.0	MIT
zbus-lockstep	0.5.2	MIT
zbus-lockstep-macros	0.5.2	MIT
zbus_macros	5.16.0	MIT
zbus_names	4.3.2	MIT
zbus_xml	5.1.1	MIT
zeno	0.3.3	Apache-2.0 OR MIT
zerocopy	0.8.50	BSD-2-Clause OR Apache-2.0 OR MIT
zerocopy-derive	0.8.50	BSD-2-Clause OR Apache-2.0 OR MIT
zerofrom	0.1.8	Unicode-3.0
zerofrom-derive	0.1.7	Unicode-3.0
zeroize	1.8.2	Apache-2.0 OR MIT
zerotrie	0.2.4	Unicode-3.0
zerovec	0.11.6	Unicode-3.0
zerovec-derive	0.11.3	Unicode-3.0
zmij	1.0.21	MIT
zune-core	0.5.1	MIT OR Apache-2.0 OR Zlib
zune-inflate	0.2.54	MIT OR Apache-2.0 OR Zlib
zune-jpeg	0.5.15	MIT OR Apache-2.0 OR Zlib
zvariant	5.12.0	MIT
zvariant_derive	5.12.0	MIT
zvariant_utils	3.4.0	MIT
lucide (SVG icons)	—	ISC
IBM Plex (fonts)	—	OFL-1.1
en_US dictionary (SCOWL)	—	SCOWL (permissive)
